{
  "name": "streets",
  "elements": [
    {
      "element": {
        "element_type": "minecraft:legacy_single_pool_element",
        "location": "minecraft:village/savanna/streets/savanna_circle1",
        "processors": "minecraft:street_savanna",
        "projection": "terrain_matching"
      },
      "weight": 2
    },
    {
      "element": {
        "element_type": "minecraft:legacy_single_pool_element",
        "location": "minecraft:village/savanna/streets/savanna_circle2",
        "processors": "minecraft:street_savanna",
        "projection": "terrain_matching"
      },
      "weight": 2
    },
    {
      "element": {
        "element_type": "minecraft:legacy_single_pool_element",
        "location": "minecraft:village/savanna/streets/savanna_curve1",
        "processors": "minecraft:street_savanna",
        "projection": "terrain_matching"
      },
      "weight": 3
    },
    {
      "element": {
        "element_type": "minecraft:legacy_single_pool_element",
        "location": "minecraft:village/savanna/streets/savanna_curve2",
        "processors": "minecraft:street_savanna",
        "projection": "terrain_matching"
      },
      "weight": 3
    },
    {
      "element": {
        "element_type": "minecraft:legacy_single_pool_element",
        "location": "minecraft:village/savanna/streets/savanna_straight1",
        "processors": "minecraft:street_savanna",
        "projection": "terrain_matching"
      },
      "weight": 4
    },
    {
      "element": {
        "element_type": "minecraft:legacy_single_pool_element",
        "location": "minecraft:village/savanna/streets/savanna_straight2",
        "processors": "minecraft:street_savanna",
        "projection": "terrain_matching"
      },
      "weight": 4
    },
    {
      "element": {
        "element_type": "minecraft:legacy_single_pool_element",
        "location": "minecraft:village/savanna/streets/savanna_straight3",
        "processors": "minecraft:street_savanna",
        "projection": "terrain_matching"
      },
      "weight": 4
    },
    {
      "element": {
        "element_type": "minecraft:legacy_single_pool_element",
        "location": "minecraft:village/savanna/streets/savanna_straight4",
        "processors": "minecraft:street_savanna",
        "projection": "terrain_matching"
      },
      "weight": 4
    }
  ],
  "fallback": "minecraft:village/savanna/terminators"
}