[
    {
        "mob": "born_in_chaos_v1:maggot",
        "when": "onjoin",
        "result": "deny",
        "random": 0.9
    },
    {
        "mod": "born_in_chaos_v1",
        "mincount": {
            "mod": "born_in_chaos_v1",
            "amount": 17,
            "hostile": true,
            "perplayer": true
        },
        "result": "deny"
    },
    {
        "mod": "undead_revamp2",
        "mincount": {
            "mod": "undead_revamp2",
            "amount": 9,
            "hostile": true,
            "perplayer": true
        },
        "result": "deny"
    },
    {
        "mod": "enemyexpansion",
        "mincount": {
            "mod": "enemyexpansion",
            "amount": 11,
            "hostile": true,
            "perplayer": true
        },
        "result": "deny"
    },
    {
        "phase": "days_1_to_3",
        "mod": [
            "born_in_chaos_v1",
            "undead_revamp2"
        ],
        "result": "deny",
        "random": 0.75
    },
    {
        "phase": "days_1_to_3",
        "mod": "enemyexpansion",
        "result": "deny",
        "random": 0.35
    },
    {
        "phase": "days_4_to_6",
        "mod": [
            "born_in_chaos_v1",
            "undead_revamp2"
        ],
        "result": "deny",
        "random": 0.5
    },
    {
        "phase": "days_4_to_6",
        "mod": "enemyexpansion",
        "result": "deny",
        "random": 0.15
    },
    {
        "phase": "days_7_to_9",
        "mod": [
            "born_in_chaos_v1",
            "undead_revamp2"
        ],
        "result": "deny",
        "random": 0.25
    },
    {
        "phase": "days_7_to_9",
        "mod": "enemyexpansion",
        "result": "deny",
        "random": 0.05
    },
    {
        "mod": "thalassophobia",
        "when": "position",
        "result": "deny",
        "random": 0.35
    },
    {
        "biome": "minecraft:deep_cold_ocean",
        "mob": "upgrade_aquatic:thrasher",
        "when": "position",
        "mincount": 8,
        "result": "deny"
    },
    {
        "mob": [
            "minecraft:skeleton",
            "minecraft:zombie"
        ],
        "when": "position",
        "result": "allow",
        "healthmultiply": 1.15,
        "damagemultiply": 1.05
    },
    {
        "mob": "creeperoverhaul:ocean_creeper",
        "when": "onjoin",
        "result": "deny"
    },
    {
        "mob": [
            "enemyexpansion:faller",
            "enemyexpansion:troll",
            "enemyexpansion:direwolf",
            "enemyexpansion:silverqueen",
            "enemyexpansion:huntsman",
            "enemyexpansion:crawler",
            "enemyexpansion:intruder",
            "enemyexpansion:vampire",
            "enemyexpansion:sprinter",
            "enemyexpansion:slugger",
            "enemyexpansion:meature",
            "enemyexpansion:equestrian",
            "enemyexpansion:goblin",
            "enemyexpansion:starved",
            "enemyexpansion:tarantula",
            "enemyexpansion:wasp"
        ],
        "when": "position",
        "result": "allow",
        "maxlight": 0
    },
    {
        "mob": [
            "enemyexpansion:faller",
            "enemyexpansion:troll",
            "enemyexpansion:direwolf",
            "enemyexpansion:silverqueen",
            "enemyexpansion:huntsman",
            "enemyexpansion:crawler",
            "enemyexpansion:intruder",
            "enemyexpansion:vampire",
            "enemyexpansion:sprinter",
            "enemyexpansion:slugger",
            "enemyexpansion:meature",
            "enemyexpansion:equestrian",
            "enemyexpansion:goblin",
            "enemyexpansion:starved",
            "enemyexpansion:tarantula",
            "enemyexpansion:wasp"
        ],
        "when": "position",
        "result": "deny"
    }
]