{
  "name": "town_centers",
  "elements": [
    {
      "element": {
        "element_type": "minecraft:legacy_single_pool_element",
        "location": "minecraft:village/mushroom/centers/center_up_1",
        "processors": "minecraft:empty",
        "projection": "rigid"
      },
      "weight": 49
    },
    {
      "element": {
        "element_type": "minecraft:legacy_single_pool_element",
        "location": "minecraft:village/mushroom/centers/center_2",
        "processors": "minecraft:empty",
        "projection": "rigid"
      },
      "weight": 49
    },
    {
      "element": {
        "element_type": "minecraft:legacy_single_pool_element",
        "location": "minecraft:village/mushroom/centers/center_3",
        "processors": "minecraft:empty",
        "projection": "rigid"
      },
      "weight": 49
    }
  ],
  "fallback": "minecraft:empty"
}