{
  "name": "houses",
  "elements": [
    {
      "element": {
        "element_type": "minecraft:legacy_single_pool_element",
        "location": "minecraft:village/mushroom/houses/barrel",
        "processors": {
          "processors": []
        },
        "projection": "rigid"
      },
      "weight": 2
    },
    {
      "element": {
        "element_type": "minecraft:legacy_single_pool_element",
        "location": "minecraft:village/mushroom/houses/blust_furnace",
        "processors": {
          "processors": []
        },
        "projection": "rigid"
      },
      "weight": 2
    },
    {
      "element": {
        "element_type": "minecraft:legacy_single_pool_element",
        "location": "minecraft:village/mushroom/houses/brewing_stand",
        "processors": {
          "processors": []
        },
        "projection": "rigid"
      },
      "weight": 2
    },
    {
      "element": {
        "element_type": "minecraft:legacy_single_pool_element",
        "location": "minecraft:village/mushroom/houses/cartography_table",
        "processors": {
          "processors": []
        },
        "projection": "rigid"
      },
      "weight": 2
    },
    {
      "element": {
        "element_type": "minecraft:legacy_single_pool_element",
        "location": "minecraft:village/mushroom/houses/cauldron",
        "processors": {
          "processors": []
        },
        "projection": "rigid"
      },
      "weight": 2
    },
    {
      "element": {
        "element_type": "minecraft:legacy_single_pool_element",
        "location": "minecraft:village/mushroom/houses/composter",
        "processors": {
          "processors": []
        },
        "projection": "rigid"
      },
      "weight": 2
    },
    {
      "element": {
        "element_type": "minecraft:legacy_single_pool_element",
        "location": "minecraft:village/mushroom/houses/fletching_table",
        "processors": {
          "processors": []
        },
        "projection": "rigid"
      },
      "weight": 2
    },
    {
      "element": {
        "element_type": "minecraft:legacy_single_pool_element",
        "location": "minecraft:village/mushroom/houses/grindstone",
        "processors": {
          "processors": []
        },
        "projection": "rigid"
      },
      "weight": 2
    },
    {
      "element": {
        "element_type": "minecraft:legacy_single_pool_element",
        "location": "minecraft:village/mushroom/houses/lectern",
        "processors": {
          "processors": []
        },
        "projection": "rigid"
      },
      "weight": 2
    },
    {
      "element": {
        "element_type": "minecraft:legacy_single_pool_element",
        "location": "minecraft:village/mushroom/houses/loom",
        "processors": {
          "processors": []
        },
        "projection": "rigid"
      },
      "weight": 2
    },
    {
      "element": {
        "element_type": "minecraft:legacy_single_pool_element",
        "location": "minecraft:village/mushroom/houses/none",
        "processors": {
          "processors": []
        },
        "projection": "rigid"
      },
      "weight": 2
    },
    {
      "element": {
        "element_type": "minecraft:legacy_single_pool_element",
        "location": "minecraft:village/mushroom/houses/smithing_table",
        "processors": {
          "processors": []
        },
        "projection": "rigid"
      },
      "weight": 2
    },
    {
      "element": {
        "element_type": "minecraft:legacy_single_pool_element",
        "location": "minecraft:village/mushroom/houses/smoker",
        "processors": {
          "processors": []
        },
        "projection": "rigid"
      },
      "weight": 2
    },
    {
      "element": {
        "element_type": "minecraft:legacy_single_pool_element",
        "location": "minecraft:village/mushroom/houses/stonecutter",
        "processors": {
          "processors": []
        },
        "projection": "rigid"
      },
      "weight": 2
    },
    {
      "element": {
        "element_type": "minecraft:empty_pool_element"
      },
      "weight": 5
    }
  ],
  "fallback": "minecraft:village/plains/terminators"
}