{
  "name": "streets",
  "elements": [
    {
      "element": {
        "element_type": "minecraft:legacy_single_pool_element",
        "location": "minecraft:village/mushroom/streets/street_1",
        "processors": "minecraft:empty",
        "projection": "terrain_matching"
      },
      "weight": 2
    },
    {
      "element": {
        "element_type": "minecraft:legacy_single_pool_element",
        "location": "minecraft:village/mushroom/streets/street_2",
        "processors": "minecraft:empty",
        "projection": "terrain_matching"
      },
      "weight": 2
    },
    {
      "element": {
        "element_type": "minecraft:legacy_single_pool_element",
        "location": "minecraft:village/mushroom/streets/street_3",
        "processors": "minecraft:empty",
        "projection": "terrain_matching"
      },
      "weight": 2
    },
    {
      "element": {
        "element_type": "minecraft:legacy_single_pool_element",
        "location": "minecraft:village/mushroom/streets/street_4",
        "processors": "minecraft:empty",
        "projection": "terrain_matching"
      },
      "weight": 2
    },
    {
      "element": {
        "element_type": "minecraft:legacy_single_pool_element",
        "location": "minecraft:village/mushroom/streets/street_5",
        "processors": "minecraft:empty",
        "projection": "terrain_matching"
      },
      "weight": 2
    },
    {
      "element": {
        "element_type": "minecraft:legacy_single_pool_element",
        "location": "minecraft:village/mushroom/streets/street_6",
        "processors": "minecraft:empty",
        "projection": "terrain_matching"
      },
      "weight": 2
    },
    {
      "element": {
        "element_type": "minecraft:legacy_single_pool_element",
        "location": "minecraft:village/mushroom/streets/street_7",
        "processors": "minecraft:empty",
        "projection": "terrain_matching"
      },
      "weight": 2
    }
  ],
  "fallback": "minecraft:village/plains/terminators"
}