{
  "name": "streets",
  "elements": [
    {
      "element": {
        "element_type": "minecraft:legacy_single_pool_element",
        "location": "minecraft:village/snowy/streets/snowy_corner_1",
        "processors": "minecraft:street_snowy_or_taiga",
        "projection": "terrain_matching"
      },
      "weight": 2
    },
    {
      "element": {
        "element_type": "minecraft:legacy_single_pool_element",
        "location": "minecraft:village/snowy/streets/snowy_corner_2",
        "processors": "minecraft:street_snowy_or_taiga",
        "projection": "terrain_matching"
      },
      "weight": 2
    },
    {
      "element": {
        "element_type": "minecraft:legacy_single_pool_element",
        "location": "minecraft:village/snowy/streets/snowy_corner_3",
        "processors": "minecraft:street_snowy_or_taiga",
        "projection": "terrain_matching"
      },
      "weight": 2
    },
    {
      "element": {
        "element_type": "minecraft:legacy_single_pool_element",
        "location": "minecraft:village/snowy/streets/snowy_crossroad_3",
        "processors": "minecraft:street_snowy_or_taiga",
        "projection": "terrain_matching"
      },
      "weight": 2
    },
    {
      "element": {
        "element_type": "minecraft:legacy_single_pool_element",
        "location": "minecraft:village/snowy/streets/snowy_crossroad_4",
        "processors": "minecraft:street_snowy_or_taiga",
        "projection": "terrain_matching"
      },
      "weight": 2
    },
    {
      "element": {
        "element_type": "minecraft:legacy_single_pool_element",
        "location": "minecraft:village/snowy/streets/snowy_crossroad_5",
        "processors": "minecraft:street_snowy_or_taiga",
        "projection": "terrain_matching"
      },
      "weight": 2
    },
    {
      "element": {
        "element_type": "minecraft:legacy_single_pool_element",
        "location": "minecraft:village/snowy/streets/snowy_crossroad_6",
        "processors": "minecraft:street_snowy_or_taiga",
        "projection": "terrain_matching"
      },
      "weight": 2
    },
    {
      "element": {
        "element_type": "minecraft:legacy_single_pool_element",
        "location": "minecraft:village/snowy/streets/snowy_square_1",
        "processors": "minecraft:street_snowy_or_taiga",
        "projection": "terrain_matching"
      },
      "weight": 3
    },
    {
      "element": {
        "element_type": "minecraft:legacy_single_pool_element",
        "location": "minecraft:village/snowy/streets/snowy_straight_1",
        "processors": "minecraft:street_snowy_or_taiga",
        "projection": "terrain_matching"
      },
      "weight": 4
    },
    {
      "element": {
        "element_type": "minecraft:legacy_single_pool_element",
        "location": "minecraft:village/snowy/streets/snowy_straight_2",
        "processors": "minecraft:street_snowy_or_taiga",
        "projection": "terrain_matching"
      },
      "weight": 4
    },
    {
      "element": {
        "element_type": "minecraft:legacy_single_pool_element",
        "location": "minecraft:village/snowy/streets/snowy_straight_3",
        "processors": "minecraft:street_snowy_or_taiga",
        "projection": "terrain_matching"
      },
      "weight": 4
    },
    {
      "element": {
        "element_type": "minecraft:legacy_single_pool_element",
        "location": "minecraft:village/snowy/streets/snowy_straight_4",
        "processors": "minecraft:street_snowy_or_taiga",
        "projection": "terrain_matching"
      },
      "weight": 4
    },
    {
      "element": {
        "element_type": "minecraft:legacy_single_pool_element",
        "location": "minecraft:village/snowy/streets/snowy_straight_6",
        "processors": "minecraft:street_snowy_or_taiga",
        "projection": "terrain_matching"
      },
      "weight": 4
    },
    {
      "element": {
        "element_type": "minecraft:legacy_single_pool_element",
        "location": "minecraft:village/snowy/streets/snowy_straight_8",
        "processors": "minecraft:street_snowy_or_taiga",
        "projection": "terrain_matching"
      },
      "weight": 4
    },
    {
      "element": {
        "element_type": "minecraft:legacy_single_pool_element",
        "location": "minecraft:village/snowy/streets/snowy_turn_1",
        "processors": "minecraft:street_snowy_or_taiga",
        "projection": "terrain_matching"
      },
      "weight": 3
    }
  ],
  "fallback": "minecraft:village/snowy/terminators"
}