{
  "type": "minecraft:chest",
  "pools": [
      {
          "rolls": 1,
          "entries": [
              {
                  "type": "minecraft:item",
                  "name": "minecraft:sand",
                  "weight": 1,
                  "functions": [
                      {
                          "function": "minecraft:set_count",
                          "count": {
                              "min": 1,
                              "max": 4
                          }
                      }
                  ]
              }
          ]
      },
      {
          "rolls": 1,
          "entries": [
              {
                  "type": "minecraft:item",
                  "name": "minecraft:potion",
                  "weight": 1,
                  "functions": [
                      {
                          "function": "minecraft:set_potion",
                          "id": "minecraft:water"
                      }
                  ]
              },
              {
                  "type": "minecraft:empty",
                  "weight": 2
              }
          ]
      },
      {
          "rolls": 1,
          "entries": [
              {
                  "type": "minecraft:item",
                  "name": "minecraft:string",
                  "weight": 1,
                  "functions": [
                      {
                          "function": "minecraft:set_count",
                          "count": {
                              "min": 1,
                              "max": 3
                          }
                      }
                  ]
              }
          ]
      },
      {
          "rolls": 1,
          "entries": [
              {
                  "type": "minecraft:item",
                  "name": "minecraft:bone",
                  "weight": 1,
                  "functions": [
                      {
                          "function": "minecraft:set_count",
                          "count": {
                              "min": 1,
                              "max": 2
                          }
                      }
                  ]
              }
          ]
      },
      {
          "rolls": 1,
          "entries": [
              {
                  "type": "minecraft:item",
                  "name": "minecraft:iron_nugget",
                  "weight": 1,
                  "functions": [
                      {
                          "function": "minecraft:set_count",
                          "count": {
                              "min": 1,
                              "max": 2
                          }
                      }
                  ]
              },
              {
                  "type": "minecraft:empty",
                  "weight": 4
              }
          ]
      },
      {
          "rolls": 1,
          "entries": [
              {
                  "type": "minecraft:item",
                  "name": "minecraft:poisonous_potato",
                  "weight": 1,
                  "functions": [
                      {
                          "function": "minecraft:set_lore",
                          "lore": [
                              "burger"
                          ],
                          "mode": "append"
                      }
                  ]
              },
              {
                  "type": "minecraft:empty",
                  "weight": 15
              }
          ]
      },
      {
          "rolls": 1,
          "entries": [
              {
                  "type": "minecraft:item",
                  "name": "minecraft:chain",
                  "weight": 1,
                  "functions": [
                      {
                          "function": "minecraft:set_count",
                          "count": {
                              "min": 0,
                              "max": 1
                          }
                      }
                  ]
              },
              {
                  "type": "minecraft:empty",
                  "weight": 7
              }
          ]
      },
      {
          "rolls": 1,
          "entries": [
              {
                  "type": "minecraft:item",
                  "name": "minecraft:flint",
                  "weight": 1,
                  "functions": [
                      {
                          "function": "minecraft:set_count",
                          "count": {
                              "min": 1,
                              "max": 2
                          }
                      }
                  ]
              }
          ]
      },
      {
          "rolls": 1,
          "entries": [
              {
                  "type": "minecraft:item",
                  "name": "minecraft:book",
                  "weight": 1,
                  "functions": [
                      {
                          "function": "minecraft:enchant_randomly"
                      }
                  ]
              },
              {
                  "type": "minecraft:empty",
                  "weight": 15
              }
          ]
      }
  ]
}