{
  "name": "town_centers",
  "elements": [
    {
      "element": {
        "element_type": "minecraft:legacy_single_pool_element",
        "location": "minecraft:village/swamp/town_centers/swamp_meeting_point_1",
        "processors": "minecraft:empty",
        "projection": "rigid"
      },
      "weight": 49
    },
    {
      "element": {
        "element_type": "minecraft:legacy_single_pool_element",
        "location": "minecraft:village/swamp/town_centers/swamp_meeting_point_2",
        "processors": "minecraft:empty",
        "projection": "rigid"
      },
      "weight": 49
    }
  ],
  "fallback": "minecraft:empty"
}