{
	"elements": [
		{
			"element": {
				"element_type": "minecraft:legacy_single_pool_element",
				"location": "dynamicvillage:plains_mechanical_engineer_house",
				"processors": "minecraft:empty",
				"projection": "rigid"
			},
			"weight": 2
		},
		{
			"element": {
				"element_type": "minecraft:legacy_single_pool_element",
				"location": "dynamicvillage:plains_mechanical_engineer_house_old",
				"processors": "minecraft:empty",
				"projection": "rigid"
			},
			"weight": 2
		},
		{
			"element": {
				"element_type": "minecraft:single_pool_element",
				"location": "dynamicvillage:mining_camp",
				"processors": "minecraft:empty",
				"projection": "rigid"
			},
			"weight": 2
		},
		{
			"element": {
				"element_type": "minecraft:empty_pool_element",
				"processors": "minecraft:empty",
				"projection": "rigid"
			},
			"weight": 4
		}
	],
	"fallback": "minecraft:village/plains/terminators",
	"name": "dynamicvillage:plains_mechanical_engineer_house"
}