{
  "holdShiftToShow": false,
  "titleColor": 12517240,
  "arrowColor": 12517240,
  "textColor": 9736850,
  "valuesColor": 15422034,
  "shiftColor": 12517240,
  "brokenColor": 15422034,
  "hit_xp_amount": 1,
  "hit_percentage": 20,
  "crit_xp_amount": 2,
  "crit_percentage": 80,
  "max_item_level": 500,
  "level_modifier": 80,
  "starting_xp_amount": 100,
  "damage_per_level": 0.1,
  "armor_per_level": 0.1,
  "toughness_per_level": 0.1,
  "armor_rng_modifier": 50,
  "bow_like_damage_modifier": 0.25,
  "level_up_type": "TOAST",
  "broken_items_wont_vanish": true,
  "send_registry_in_log": false,
  "disable_unlisted_items": false,
  "levelable_items_auto_unbreakable": true,
  "xp_for_generic_kill": 1,
  "xp_for_animal_kill": 2,
  "xp_for_monster_kill": 10,
  "xp_for_mini_boss_kill": 50,
  "xp_for_boss_kill": 100
}