{
  "name": "streets",
  "elements": [
    {
      "element": {
        "element_type": "minecraft:legacy_single_pool_element",
        "location": "minecraft:village/desert/streets/desert_crossroad",
        "processors": {
          "processors": []
        },
        "projection": "terrain_matching"
      },
      "weight": 3
    },
    {
      "element": {
        "element_type": "minecraft:legacy_single_pool_element",
        "location": "minecraft:village/desert/streets/desert_crossroad4",
        "processors": {
          "processors": []
        },
        "projection": "terrain_matching"
      },
      "weight": 3
    },
    {
      "element": {
        "element_type": "minecraft:legacy_single_pool_element",
        "location": "minecraft:village/desert/streets/desert_crossroad5",
        "processors": {
          "processors": []
        },
        "projection": "terrain_matching"
      },
      "weight": 3
    },
    {
      "element": {
        "element_type": "minecraft:legacy_single_pool_element",
        "location": "minecraft:village/desert/streets/desert_curve",
        "processors": {
          "processors": []
        },
        "projection": "terrain_matching"
      },
      "weight": 3
    },
    {
      "element": {
        "element_type": "minecraft:legacy_single_pool_element",
        "location": "minecraft:village/desert/streets/desert_curve2",
        "processors": {
          "processors": []
        },
        "projection": "terrain_matching"
      },
      "weight": 3
    },
    {
      "element": {
        "element_type": "minecraft:legacy_single_pool_element",
        "location": "minecraft:village/desert/streets/desert_deadend",
        "processors": {
          "processors": []
        },
        "projection": "terrain_matching"
      },
      "weight": 3
    },
    {
      "element": {
        "element_type": "minecraft:legacy_single_pool_element",
        "location": "minecraft:village/desert/streets/desert_straight",
        "processors": {
          "processors": []
        },
        "projection": "terrain_matching"
      },
      "weight": 4
    },
    {
      "element": {
        "element_type": "minecraft:legacy_single_pool_element",
        "location": "minecraft:village/desert/streets/desert_straight2",
        "processors": {
          "processors": []
        },
        "projection": "terrain_matching"
      },
      "weight": 4
    },
    {
      "element": {
        "element_type": "minecraft:legacy_single_pool_element",
        "location": "minecraft:village/desert/streets/desert_straight3",
        "processors": {
          "processors": []
        },
        "projection": "terrain_matching"
      },
      "weight": 4
    }
  ],
  "fallback": "minecraft:village/desert/terminators"
}