{
  "name": "streets",
  "elements": [
    {
      "element": {
        "element_type": "minecraft:legacy_single_pool_element",
        "location": "minecraft:village/plains/streets/plains_crossroad_1",
        "processors": "minecraft:street_plains",
        "projection": "terrain_matching"
      },
      "weight": 2
    },
    {
      "element": {
        "element_type": "minecraft:legacy_single_pool_element",
        "location": "minecraft:village/plains/streets/plains_crossroad_2",
        "processors": "minecraft:street_plains",
        "projection": "terrain_matching"
      },
      "weight": 2
    },
    {
      "element": {
        "element_type": "minecraft:legacy_single_pool_element",
        "location": "minecraft:village/plains/streets/plains_crossroad_3",
        "processors": "minecraft:street_plains",
        "projection": "terrain_matching"
      },
      "weight": 2
    },
    {
      "element": {
        "element_type": "minecraft:legacy_single_pool_element",
        "location": "minecraft:village/plains/streets/plains_curve",
        "processors": "minecraft:street_plains",
        "projection": "terrain_matching"
      },
      "weight": 3
    },
    {
      "element": {
        "element_type": "minecraft:legacy_single_pool_element",
        "location": "minecraft:village/plains/streets/plains_deadend",
        "processors": "minecraft:street_plains",
        "projection": "terrain_matching"
      },
      "weight": 2
    },
    {
      "element": {
        "element_type": "minecraft:legacy_single_pool_element",
        "location": "minecraft:village/plains/streets/plains_straight",
        "processors": "minecraft:street_plains",
        "projection": "terrain_matching"
      },
      "weight": 4
    },
    {
      "element": {
        "element_type": "minecraft:legacy_single_pool_element",
        "location": "minecraft:village/plains/streets/plains_straight2",
        "processors": "minecraft:street_plains",
        "projection": "terrain_matching"
      },
      "weight": 4
    },
    {
      "element": {
        "element_type": "minecraft:legacy_single_pool_element",
        "location": "minecraft:village/plains/streets/plains_straight3",
        "processors": "minecraft:street_plains",
        "projection": "terrain_matching"
      },
      "weight": 4
    },
    {
      "element": {
        "element_type": "minecraft:legacy_single_pool_element",
        "location": "minecraft:village/plains/streets/plains_straight4",
        "processors": "minecraft:street_plains",
        "projection": "terrain_matching"
      },
      "weight": 4
    }
  ],
  "fallback": "minecraft:village/plains/terminators"
}