{
  "attributes": {
    "attack_range": 2.5,
    "category": "axe",
    "attacks": [
      {
        "hitbox": "HORIZONTAL_PLANE",
        "angle": 90,
        "upswing": 0.5,
        "animation": "malfu_combat_animation:one_handed_swipe_vertical_rl",
        "swing_sound": {
          "id": "bettercombat:axe_slash"
        }
      },
      {
        "hitbox": "HORIZONTAL_PLANE",
        "angle": 90,
        "upswing": 0.5,
        "animation": "malfu_combat_animation:one_handed_swipe_vertical_lr",
        "swing_sound": {
          "id": "bettercombat:axe_slash"
        }
      },
      {
        "hitbox": "HORIZONTAL_PLANE",
        "angle": 90,
        "upswing": 0.5,
        "animation": "malfu_combat_animation:one_handed_rl",
        "swing_sound": {
          "id": "bettercombat:axe_slash"
        }
      },
      {
        "hitbox": "HORIZONTAL_PLANE",
        "angle": 90,
        "upswing": 0.5,
        "animation": "malfu_combat_animation:one_handed_lr_rleg_lead",
        "swing_sound": {
          "id": "bettercombat:axe_slash"
        }
      },
      {
        "hitbox": "HORIZONTAL_PLANE",
        "angle": 90,
        "upswing": 0.5,
        "animation": "malfu_combat_animation:one_handed_swipe_vertical_rl",
        "swing_sound": {
          "id": "bettercombat:axe_slash"
        }
      },
      {
        "hitbox": "HORIZONTAL_PLANE",
        "angle": 90,
        "upswing": 0.5,
        "animation": "malfu_combat_animation:one_handed_swipe_vertical_lr",
        "swing_sound": {
          "id": "bettercombat:axe_slash"
        }
      }
    ]
  }
}