{
  "attributes": {
    "attack_range": 2.75,
    "two_handed": true,
    "pose": "malfu_combat_animation:pose_two_handed_sword_fps_hold",
    "category": "claymore",
    "attacks": [
      {
        "hitbox": "HORIZONTAL_PLANE",
        "damage_multiplier": 0.75,
        "angle": 150,
        "upswing": 0.5,
        "animation": "malfu_combat_animation:two_handed_slice_rl",
        "swing_sound": {
          "id": "bettercombat:claymore_swing"
        }
      },
      {
        "hitbox": "HORIZONTAL_PLANE",
        "damage_multiplier": 0.75,
        "angle": 150,
        "upswing": 0.5,
        "animation": "malfu_combat_animation:two_handed_slice_lr",
        "swing_sound": {
          "id": "bettercombat:claymore_swing"
        }
      },
      {
        "hitbox": "HORIZONTAL_PLANE",
        "damage_multiplier": 0.75,
        "angle": 150,
        "upswing": 0.5,
        "animation": "malfu_combat_animation:two_handed_slice_rl",
        "swing_sound": {
          "id": "bettercombat:claymore_swing"
        }
      },
      {
        "hitbox": "HORIZONTAL_PLANE",
        "damage_multiplier": 0.75,
        "angle": 150,
        "upswing": 0.5,
        "animation": "malfu_combat_animation:two_handed_up_lr",
        "swing_sound": {
          "id": "bettercombat:claymore_swing"
        }
      },
      {
        "hitbox": "HORIZONTAL_PLANE",
        "damage_multiplier": 0.75,
        "angle": 150,
        "upswing": 0.5,
        "animation": "malfu_combat_animation:two_handed_heavy_lr",
        "swing_sound": {
          "id": "bettercombat:claymore_swing"
        }
      },
      {
        "hitbox": "HORIZONTAL_PLANE",
        "damage_multiplier": 0.75,
        "angle": 150,
        "upswing": 0.5,
        "animation": "malfu_combat_animation:two_handed_heavy_rl",
        "swing_sound": {
          "id": "bettercombat:claymore_swing"
        }
      }
    ]
  }
}