{
  "placement": {
    "type": "minecraft:random_spread",
    "salt": 10387312,
    "separation": 12,
    "spacing": 36
  },
  "structures": [
    {
      "structure": "minecraft:village_plains",
      "weight": 1
    },
    {
      "structure": "minecraft:village_desert",
      "weight": 1
    },
    {
      "structure": "minecraft:village_savanna",
      "weight": 1
    },
    {
      "structure": "minecraft:village_snowy",
      "weight": 1
    },
    {
      "structure": "minecraft:village_taiga",
      "weight": 1
    },
    {
      "structure": "minecraft:village_swamp",
      "weight": 1
    },
    {
      "structure": "minecraft:village_mushroom",
      "weight": 1
    }
  ]
}